male_firstname,female_firstname,surname
Alcyr,Aesha,Alcyan
Avross,Alyssa,Asir
Bres,Caelyth,Breir
Callael,Cytyss,Ellowuyr
Callis,Dahlia,Ferryll
Cinsyr,Edrea,Graccys
Cyvross,Falcir,Hallyr
Erryll,Feen,Heryllith
Felcyr,Gaelyr,Larisar
Glyssor,Hellith,Lloryrr
Gossyr,Lorimir,Luynmyr
Laconfir,Lothwyn,Lyorys
Lani,Meryll,Menellyth
Lissor,Miir,Raefyll
Neriwhen,Renyll,Reyvrese
Pelyth,Sacyl,Ryssyll
Rillis,Shael,Syvas
Sarlos,Sillith,Vrir
Shas,Tanyr,Waelen
Thale,Tathir,Wyldiss
Tryiss,Tenae,Wyllothyr
Tylth,Velwhin,
Vyros,Veryth,
Vystral,Ystith,
